DVBJQQCjgXU	Anthropic’s $30B Ramp, Mythos Doomsday, OpenClaw Ankled, Iran War Ceasefire, Israel's Influence
MPAsUZEJHiM	“This Is Chaos” — Josh Shapiro on Trump, Iran War, Israel, and the Economy
mjNP5IOzCbA	The State of Modern War: Palantir & Anduril Execs on Drones, AI, and the End of Traditional Warfare
N-pust8qtGI	SpaceX IPO, Iran War Fallout, Quantum Bitcoin Hack, The Space Opportunity
4Gmd5UTF4rk	Anthropic's Generational Run, OpenAI Panics, AI Moats, Meta Loses Major Lawsuits
Axpnkqd-Agk	Bryan Johnson: I Just Took the Most Powerful Dose of DMT in the World... Here's What It Was Like
-JBhTBu9ZbA	Four CEOs on the Future of AI: CoreWeave, Perplexity, Mistral, and IREN
blBlD-mrIoE	How Matt Mahan Thinks He Can Save California
gwW8GKwHB3I	Jensen Huang: Nvidia's Future, Physical AI, Rise of the Agent, Inference Explosion, AI PR Crisis
3ZVqcW6Wwmg	John Fetterman: 'I'm the Only Democrat in Congress Saying This'
9y7TTU1jIvk	Two Legendary Founders: Travis Kalanick & Michael Dell Live from Austin, Texas
HiVej9_fvl8	Iran War, Oil Shock, Off Ramps, AI's Revenue Explosion and PR Nightmare
el6ObB60Fb4	They're Opening the Stock Market to Everyone. Here's What That Actually Means
yAHfG6jU2qA	“This is Bibi’s War” - Harvard’s Graham Allison on the Influences and Endgame of the Iran War
elhGYEiZ7fw	Exiled Iranian Prince Reza Pahlavi: Transition Plan and the Fight for Iran's Freedom
gzwRflcLPAA	War with Iran + Pentagon vs Anthropic with Under Secretary of War Emil Michael
u-vMNzHgSHI	Ray Dalio: "AI Is Eating Everything - and It Might Eat Itself"
kzWbCF_IkHY	Software Stocks Implode, Claude's Hit List, State of the Union Reactions, Trump's Tariff Pivot
CQq3Ocm98sY	Epstein Files Special: Prince Andrew Arrested, Global Network, Mythology, Reid Hoffman Files
CnaegIpkenA	Debt Spiral or NEW Golden Age? Super Bowl Insider Trading, Booming Token Budgets, Ferrari's New EV
vQwXgxJxwnw	Binance CEO: 4 Months in Prison, $4 Billion Fine, and What Comes Next
wTiHheA40nI	Epstein Files, Is SaaS Dead?, Moltbook Panic, SpaceX xAI Merger, Trump's Fed Pick
gXY1kx7zlkk	ICE Chaos in Minneapolis, Clawdbot Takeover, Why the Dollar is Dropping
w2BqPnVKVo4	The Future of Everything: What CEOs of Circle, CrowdStrike & More See Coming in 2026
b5p40OuTTW4	Dr. Mehmet Oz on Fixing American Healthcare + Fraud | Live from Davos
-yrLEKjMyrM	Coinbase CEO's Top 3 Crypto Trends for 2026 + More from Davos!
NyP-euljCHM	Inside America’s AI Strategy: Infrastructure, Regulation, and Global Competition
e59hzyoKQCs	Europe's Free Speech Failure and the "Censorship Industrial Complex" with Sarah B. Rogers
5nCbHsCG334	Satya Nadella on AI’s Business Revolution: What Happens to SaaS, OpenAI, and Microsoft?
y2NeAef6d30	Iran's Breaking Point, Trump's Greenland Acquisition, and Solving Energy Costs
DBlOJpT9Y1Y	Supercharging a New FDA: Marty Makary on Science, Power & Patients
F8cXD5hTt3c	Why AI will dwarf every tech revolution before it: robots, manufacturing, AR glasses from CES 2026
pw7po593hJM	Adam Carolla on California’s Collapse: Fires, Failed Leadership, and Gyno-Fascism
yEb2DX0TzKM	All-In's 2026 Predictions
fd6QaEJOjvI	Howard Lutnick: How America Can Hit 6% GDP Growth in 2026
bhpd4NeTbCI	Massive Somali Fraud in Minnesota with Nick Shirley, California Asset Seizure, $20B Groq-Nvidia Deal
7_3gKoQPUfM	All-In x Kill Tony: A Hilarious Holiday Special
G0GuHkUbuEY	Scott Bessent: Fixing the Fed, Tariffs for National Security, Solving Affordability in 2026
GIW1yU9zHW8	Bernie Sanders Says Stop All AI, China's Breakthrough, Inflation Down, Golden Age in 2026?
cY5UFw2AIZo	Tucker Carlson: Rise of Nick Fuentes, Paramount vs Netflix, Anti-AI Sentiment, Hottest Takes
Uxi6LVKanuY	OpenAI's Code Red, Sacks vs New York Times, New Poverty Line?
qG4gaIGXaK4	Live Poker Match!: The Besties Vs. Phil Hellmuth, Alan Keating, and Jason Koon
XqikcGC47Nw	Molly's Game Uncensored: Mob Threats, FBI Raid & 100M Pots... And Still Won
4tgV87SM-r0	Epstein Files Fallout, Nvidia Risks, Burry's Bad Bet, Google's Breakthrough, Tether's Boom
_m_jwz5hzzw	How Chamath Optimized His Health
lpg9eSAYr0A	Home Affordability Crisis, Palantir's Advantage, Big Short on AI, H-1B Abuse, Solar Storm Hits Earth
6uYEPfiBMAE	Does OpenAI Need a Bailout? Mamdani Wins, Socialism Rising, Filibuster Nuclear Option
KG_nHmHUZLw	AI, Attention, and Ownership: Ari Emanuel Explains the Next Era of Entertainment
U9TdxWTaYlE	Inside Saudi Arabia’s AI Ambition: Tareq Amin on Building a New Tech Superpower
mFWsIykqa7w	Triple H on How WWE Evolved: Trump, The Rock, and the Rise of the Antihero
j6_VfR-CyuM	Elon Musk: OpenAI Betrayal, His Future at Tesla, and the Next Big Thing — Grokipedia
xGMFooWNixI	Pete Buttigieg: The Left's Identity Crisis, Wealth Tax, 2024 Mistakes, Plans for 2028
eKxASnMiFys	The Woman Who BEAT Maduro: Venezuela's Next Leader? Nobel Peace Prize Winner María Corina Machado
GWOPRdN8INU	Nobel Prize in Physics Winner: The Quantum Leap That Changed Everything - John Martinis
l__Koacw_oI	NBA Gambling Scandal, Billionaire Tax, Tesla's Future, Amazon Robots, AWS Outage, Dangerous AI Bias
qcT2kS1RS4Y	Joe Manchin Exposes The Chaos Inside Biden’s White House
ElhxzUO7YQM	California Forever: The Startup Building America's Next Great City
XIOKr51Q_hA	Trump: Send National Guard to SF, China Rare Earths Trade War, AI's PR Crisis
OQcveYRfZgs	1929 vs 2025: Andrew Ross Sorkin on Crashes, Bubbles & Lessons Learned
R1q4wcV-ImY	Inside Orlando Bravo’s Private Equity Playbook: How to Build a Top Firm
XXPISZI_big	Bryan Johnson’s Best Health Hack: Lower Your RHR Before Sleep = Sleep Better and Live Longer
oNJ_ouDNNT0	Cathie Wood on How AI Can Double GDP, Bull Case for Bitcoin $1M, Elon’s Trillion-Dollar Pay Package
IbnrclsPGPQ	Trump Brokers Gaza Peace Deal, National Guard in Chicago, OpenAI/AMD, AI Roundtripping, Gold Rally
TKtIoF4yLos	Sequoia’s Roelof Botha: Why Venture Capital is Broken & How Great Companies Are Built
5bSGrQou4Lo	YouTube CEO Neal Mohan on AI, Censorship & the Future of Creators
sp35RmulTDc	Alibaba's Joe Tsai on US-China Rivalry, AI Future, Owning the Nets/Liberty, Caitlin Clark's Impact
eWE6xmHu6Jw	The Next Bubble Is Already Here - Chamath Palihapitiya
ddAwgZ6ietc	Biggest LBO Ever, SPAC 2.0, Open Source AI Models, State AI Regulation Frenzy
4ysh99UaUOo	Ro Khanna Calls Out Both Parties: Immigration, Tech & Free Speech
ijbLOWFmVe8	Multicoin Capital’s Kyle Samani on Internet Capital Markets
G2KvA4QD-IY	Rick Caruso on California’s Collapse: Broken Leadership, LA Wildfire Failures & the Fix
JKUFTJJX19w	Arm CEO Rene Haas on AI: Nvidia Lessons, Intel’s Decline and the US-China Chip War
nLJ1HL6B3Wc	Science Corner Special! David Friedberg, Cleo Abram, Alex Filippenko, and Keller Rinaudo Cliffton
z48lXkFBlTc	Inside the GLP-1 Gold Rush: Eli Lilly CEO on New Breakthroughs, Addiction & Mental Health, Pricing
xEaAR0AqMlk	H-1B Shakeup, Kimmel Apology, Autism Causes, California Hate Speech Law
EkuVqdj8O6E	Eric Schmidt on AI, the Battle with China, and the Future of America
1X6xwxQRXlY	Charlie Kirk Murder, Assassination Culture in America, Jimmy Kimmel Suspended, Ellison Media Empire
KV_qe_YAGoQ	Solana’s Anatoly Yakovenko on Crypto's Next Era: Quantum, AI, and the Future of Money
YRQ-OG05flI	Uber CEO Dara Khosrowshahi on self-driving's future, changing business model, job displacement
6vkxE7BIZg8	Oval Office Tour with President Trump
WREHlRTde80	The College Crisis: Heads of Dartmouth & Berkeley Debate the Decline of US Universities
ZVPz_mSOV-U	Tulsi Gabbard on Russiagate Hoax Evidence and How She’s Reforming Politicized Intelligence Agencies
5AQpkz-YhkQ	Robinhood CEO Vlad Tenev on tokenizing stocks, expanding access to private shares, fintech's future
Kr3Sh2PKA8Y	Inside Google DeepMind: AGI, Robotics, & World Models Explained - Demis Hassabis
qeZqZBRA-6Q	Elon Musk on DOGE, Optimus, Starlink Smartphones, Evolving with AI, Why the West is Imploding
Y-IH7EVrBbQ	Palantir CEO Alex Karp: Why the West is Destroying Itself, Data Empire, Skeptics, How to Win
pyibzEcw7Rc	Nasdaq CEO Reveals the Next Era Of The Stock Market - Adena Friedman | All-In Summit
2unsXpoi97I	Tucker Carlson and Mark Cuban Debate How to Save America 🔥 | All-In Summit 2025
0k3DJbd4tns	The Hidden Truth About the US Energy Grid: Subsidies, Demand & Rising Prices - Chris Wright
3CSlL8R7_h8	Inside the White House Tech Dinner, Weak Jobs Report, Tariffs Court Challenge, Google Wins Antitrust
Xe0F969v8-8	Senator Rand Paul: Tariffs, Debt, China, and a Warning for America
CnLTRSOJrUg	Why Are So Many Companies Going Bankrupt In 2025? - David Friedberg
2rXMqOobGtQ	Trump Takes On the Fed, US-Intel Deal, Why Bankruptcies Are Up, OpenAI's Longevity Breakthrough
GAd5v-Oajec	The Brutal Truth About Ending The Ukraine War - David Sacks
8tuUQGdUjkI	Every Investor Needs To Understand This Concept - David Friedberg
e-LNrKZMxOk	Why Meta Just Froze AI Hiring & What It Really Means - David Sacks
Bo62d_EErFM	Is The AI Bubble About To Pop? - Chamath Palihapitiya
O0P7gwog9eA	AI Bubble Pops, Zuck Freezes Hiring, Newsom’s 2028 Surge, Russia/Ukraine Endgame
TbRdTulndx8	Senator Eric Schmitt: Exposing the Biggest Censorship Scandal in US History
VoVvGyoD_cA	The Hidden Crisis Modern Men Are Facing - Chamath Palihapitiya
Oy4evu1TdiI	AI Psychosis, America's Broken Social Fabric, Trump Takes Over DC Police, Is VC Broken?
NpJ4RYSdVK4	OpenAI's GPT-5 Flop, AI's Unlimited Market, China's Big Advantage, Rise in Socialism, Housing Crisis
W2mdDC18vdw	“There Is No Legal Confidentiality When Using Chat GPT” Facing The AI Privacy Issue
GBmwgVXiKYQ	Trump AI Speech & Action Plan, DC Summit Recap, Hot GDP Print, Trade Deals, Altman Warns No Privacy
HmxbPH1PL_A	Winning the AI Race Part 5: President Trump on the AI Action Plan
jp9jDINt1mM	Winning the AI Race Part 4: Scott Bessent, Howard Lutnick, Chris Wright, and Doug Burgum
9WkGNe27r_Q	Winning the AI Race Part 3: Jensen Huang, Lisa Su, James Litinsky, Chase Lochmiller
8qT2SAJI_HQ	Winning the AI Race Part 2: Vice President JD Vance
Nmw43vcSFhw	Winning the AI Race Part 1: Michael Kratsios, Kelly Loeffler, Shyam Sankar, Chris Power
nHzD2ee30oY	The Brutal Truth About Jerome Powell & Future Rate Cuts - David Friedberg
wu-p5xrJ8-E	Trump vs Powell, Solving the Debt Crisis, The $10T AGI Prize, GENIUS Act Becomes Law
58bRDF1JTl4	What This Latest Supreme Court Ruling Means For Every President - Chamath Palihapitiya
VOjSkYyP120	Every Software CEO Is Terrified Of This AI Innovation - Travis Kalanick
KypnjJSKi4o	Grok 4 Wows, The Bitter Lesson, Third Party, AI Browsers, SCOTUS backs POTUS on RIFs
68NC8HSHlf0	"Harvard Is Cooked" Chamath Palihapitiya On Harvard’s Future
xeSk_I3QapM	"What The F Are We Doing?" David Friedberg On BBB’s Deficit Increase & Trump vs. Elon
PS76GPJAKq0	Big Beautiful Bill, Elon/Trump, Dollar Down Big, Harvard's Money Problems, Figma IPO
8zEHfIGQI9M	David Friedberg Reacts to Zohran Mamdani’s NYC Mayoral Run
Dp75wqOrtBs	12 Day War, Socialism Wins in NYC, Stocks All-Time High, AI Copyright, Science Corner
EIWRHcMN1Uw	Is the SaaS Bubble Finally Bursting? - Chamath Palihapitiya
p--eluoyhos	Which Company Is Going To Win The AI Race? - David Friedberg
2JOhIoTsy0c	"I Don't Think Apple Has A Chance" - The Brutal Truth About Apple - Chamath Palihapitiya
86t6YNf_B7Q	IPOs and SPACs are Back, Mag 7 Showdown, Zuck on Tilt, Apple's Fumble, GENIUS Act passes Senate
FvHcuyYc718	Tony Robbins | All-In Live from Miami
qErgCnUcQis	Tucker Carlson: ICE Raids, LA Riots, Strong Economic Data, Politicized Fed, War with Iran?
6YdOjoaQTOQ	Jared Isaacman: What went wrong at NASA | The All-In Interview
jD2pZEUvQq4	The Formula for Building America's Happiest City: Miami Mayor Francis Suarez | All-In Live
h6ZO4tMw8QI	David Sacks Exposes the AI Doomer Industrial Complex: Global Control, Threat Inflation, Biden Links
O_AfZ6J0ToE	AI Doom vs Boom, EA Cult Returns, BBB Upside, US Steel and Golden Votes
nAYJ-9N1wM8	Nico Rosberg on the Booming Business of F1 | All-In Live from Miami
T15oiQKjgvQ	Senator Ron Johnson on the Senate showdown over Trump's Big Beautiful Bill | All-In Interview
GEZWyC-jJa4	Bond crisis looming? GOP abandons DOGE, Google disrupts Search with AI, OpenAI buys Jony Ive's IO
B1TRRHnBbPU	Antonio Gracias: DOGE updates, Voter fraud, Finding 'Big Balls' | All-In Live from Miami
8g7a0IWKDRE	Sergey Brin, Google Co-Founder | All-In Live from Miami
Kaa7Ijh4jRA	David Friedberg Destroys the House Spending Bill: "Americans should be ashamed."
hyxBMx4w5jg	Trump's Big Week: Middle East Trip, China Deal, Pharma EO, "Big, Beautiful Bill" with Ben Shapiro
ReGC2GtWFp4	Sundar Pichai, CEO of Alphabet | The All-In Interview
g6HSFCQQ6O0	Fed Hesitates on Tariffs, The New Mag 7, Death of VC, Google's Value in a Post-Search World
P3NjlMZDbUc	Doug Burgum, Secretary of the Interior | All-In DC
Avlm1GWEgQI	Brooke Rollins, Secretary of Agriculture | All-In DC
W960TW79QCI	Trump's First 100 Days, Tariffs Impact Trade, AI Agents, Amazon Backs Down
4tcd1EgQrhU	Trump Rally or Bessent Put? Elon Back at Tesla, Google's Gemini Problem, China's Thorium Discovery
7mk4URDx-2k	Inside the All-In Summit: Behind the Scenes of the World's Greatest Conference 🚀
ZAZOa72BB_M	Mitotherapy Breakthrough: Supercharging Your Cells ⚡️| Science Corner with David Friedberg
rCrb4TbHRxc	Trump vs Harvard, Nvidia export controls, how DEI killed Hollywood with Tim Dillon
KcmMOZKnKAk	The Great Tariff Debate with David Sacks, Larry Summers, and Ezra Klein
rOkpUVM6RBA	Major Market Risk: Chamath Outlines Corporate Default Dangers in the Wake of Trump's Tariffs
OjhA9p3ZXW0	DOGE updates + Liberation Day Tariff Reactions with Ben Shapiro and Antonio Gracias
54wNtMZF_sg	All-In Live from Austin: Colin and Samir, Chris Williamson, and Bryan Johnson
Ern_jMAnkQs	China is building its own Nvidia – and US trade policy is forcing their hand!
Iazo7g40VbQ	The AI Cold War, Signalgate, CoreWeave IPO, Tariff Endgames, El Salvador Deportations
p1MAA8y4CgU	White House BTS, Google buys Wiz, Treasury vs Fed, Space Rescue
182ckTL2KBA	Howard Lutnick Exposes Washington’s Biggest Lies
lSma9suyp24	The Shocking Truth About DC Spending & Corruption - Scott Bessent
IjU-Nd6iiQ4	Fixing the American Dream with Andrew Schulz
Drf5jgCGvf0	Trump's Economic Gamble: David Friedberg Predicts the Master Plan
RBoGJlpSdpY	Tariffs, Trump's Economic Endgame, Market Chaos, Bitcoin Reserve, CoreWeave IPO
JoKPVeL1UBw	"Bad News for the Stock Market": Chamath Explains The Great Economic Reset
Of-qGF1YsgI	Epstein Files Flop, State of the Market, Autonomous Robots, Trump's Gold Card, Friedberg on Jeopardy
3qWA2GI9qV4	Remote Work Under Fire: All-In Podcast Unpacks Jamie Dimon’s Leaked Rant!
OxP55dZjqZs	The Stablecoin Future, Milei's Memecoin, DOGE for the DoD, Grok 3, Why Stripe Stays Private
AI5qI6ej-yM	JD Vance's AI Speech, Techno-Optimists vs Doomers, Tariffs, AI Court Cases with Naval Ravikant
jzM7hXgjUDs	Science Corner with David Friedberg: GLP-1 Study Shows Encouraging Results
R3q5TrwSek0	DOGE vs USAID, Crypto Framework, Google's $75B AI Spend, US Sovereign Wealth Fund, GLP-1s
jGCoOTOFISU	Ray Dalio: How DOGE and Trump Can Solve America's Debt Crisis
j00YbDJwMNQ	AI Czar David Sacks Explains the DeepSeek Freak Out
8RkgkOqWs0s	DeepSeek Panic, US vs China, OpenAI $40B?, and Doge Delivers with Travis Kalanick and David Sacks
1_rvVTuGRNE	Ray Dalio: US Debt Spiral, How to Avoid Disaster | The All-In Interview
e1pTCSFrkbk	Trump's First Week: Inauguration Recap, Executive Actions, TikTok, Stargate + Sacks is Back!
X8n06Q4sTDw	Inauguration Interviews: Trump's Talent, Dem Rebrand & more w/ Whip Emmer, Reps Swalwell & Khanna
eOHoUQFPU18	Ted Cruz: Trump's First Week, Texas vs. California, Immigration, DOGE, Greenland
gQbM5JSVpWE	From Skeptic to Supporter: How This Billionaire Got ‘Red-Pilled’ by Trump
WQ35G6XI8Uw	Red-pilled Billionaires, LA Fire Update, Newsom's Price Caps, TikTok Ban, Jobless MBAs
ztOuCAut6pI	Los Angeles Wildfire Disaster: A Failure of Leadership
is1QAZ7ShRU	LA's Wildfire Disaster, Zuck Flips on Free Speech, Why Trump Wants Greenland
9u_nejX7NVU	What's Wrong with the NBA? Former Warriors Owner Explains
HxNUAwBWX4I	2025 Predictions: Tech, Business, Media, Politics!
caPPzcgGvtw	The All-In Holiday Spectacular
hY_glSDyGUU	DOGE kills its first bill, Zuck vs OpenAI, Google's AI comeback
dUPDsuSvcKQ	What happened to Apple!? Here's why iOS 18.2 is BROKEN!
9p-vCUB5AA8	Trump's Cabinet, Google's Quantum Chip, Apple's Flop, TikTok, State of VC
K2xfW3hgxb4	New SEC Chair, Bitcoin, xAI Supercomputer, UnitedHealth CEO murder, with Gavin Baker & Joe Lonsdale
Ko_iSIg-xr8	DOGE's Opportunity: Unleash American Growth by Cutting Regulations
pnmDeIgW3EQ	DOGE unveils a roadmap, Unlocking GDP Growth, WW3 escalation, Fat cell memory
HCfc5Pp2ysg	Trump's Mandate: An Extinction-Level Event for Federal Bureaucracy
0CBMlzHo0AU	Trump's market impact: Bitcoin, M&A, IPOs + transition picks; Polymarket CEO raided by FBI
vcZOAwk3Cno	Here's What COST Democrats the Election
xH76q6yYVlk	Trump wins! How it happened and what's next
e_2E8Of78Vs	Inflated GDP?, Google earnings, How the media lost trust, Rogan/Trump search controversy, Election!
4ruAqXfK6Ao	Markets turn Trump, Long rates spike, Election home stretch, Influencer mania, Saving Starbucks
ye012kzWJ3A	Dueling Presidential interviews, SpaceX’s big catch, Robotaxis, Uber buying Expedia?, Nuclear NIMBY
8CGKw62LAzM	Hurricane fallout, AlphaFold, Google breakup, Trump surge, VC giveback, TikTok survey
4ZX8XlTPJrs	Ingo Uytdehaage, Adyen | All-In Summit 2024
iq8NO6XwpoM	Flying Cars Have Arrived! eVTOL Panel: Archer, Joby, Wisk | All-In Summit 2024
023exhA9irY	Dave Ricks, CEO of Eli Lilly | The All-In Interview
o2YT_FwH0VM	Mark Cuban: Love/Hate Relationship with Trump, Why He's Backing Kamala Harris
uUjF3RG28SQ	Juan Carlos Izpisua Belmonte, Altos Labs | All-In Summit 2024
sFEtPGsQRyc	Jake Loosararian, Gecko Robotics | All-In Summit 2024
43Rd-y2xe84	OpenAI's $150B conversion, Meta's AR glasses, Blue-collar boom, Risk of nuclear war
nWcoZVSx1T8	Thomas Laffont | All-In Summit 2024
AoT-YINLkKM	NASA Astronaut Woody Hoburg | All-In Summit 2024
WSKMg5yWFdg	Senator Kyrsten Sinema | All-In Summit 2024
q7sSi9h6nYM	Nikesh Arora | All-In Summit 2024
xAUA9QgqkxM	Big Fed rate cuts, AI killing call centers, $50B govt boondoggle, VC's rough years, Trump/Kamala
4qJl9xO86Yg	Bari Weiss | All-In Summit 2024
sCY214KiwNs	Tekedra Mawakana | All-In Summit 2024
fBGH_Hq0Bm4	Michael Ovitz | All-In Summit 2024
37Tz3TpELxc	Dave Portnoy: How He Bought Back Barstool for $1 | The All-In Interview
uvFtyDy_Bt0	Deep State, Hegemony & U.S. Foreign Policy: John Mearsheimer vs. Jeffrey Sachs | All-In Summit
TtNrCJCwwlc	Marc Benioff | All-In Summit 2024
SYRunzR9fbk	Peter Thiel: The Coming Collapse No One Is Prepared For
HW3Ip9_k_zc	Megyn Kelly | All-In Summit 2024
8j7lwauJN2s	Travis Kalanick | All-In Summit 2024
XzK9bx3CSPE	Sergey Brin | All-In Summit 2024
pSFvOUswFwA	Elon Musk | All-In Summit 2024
eMxcM3ZcVmM	JD Vance | All-In Summit 2024
ZDR2dWEQqKw	"Founder Mode," DOJ alleges Russian podcast op, Kamala flips proposals, Tech loses Section 230?
ReB5UHfKCG8	In conversation with Reid Hoffman & Robert F. Kennedy Jr.
jSpGiFqL8_E	Massive jobs revision, Kamala wealth tax, polls vs prediction markets, end of race-based admissions
xA5B6quoahY	Break up Google, Starbucks CEO out, Kamala’s price controls, Boeing disaster, Kursk offensive
LRKDisV_pcI	Yen Carry Trade, Recession odds grow, Buffett cash pile, Google ruled monopoly, Kamala picks Walz
rj71DPhvpiE	Kamala surges, Trump at NABJ, recession fears, Middle East escalation, Ackman postpones IPO
UQBPUAgVuJA	Mag 7 sell-off, Wiz rejects Google, UBI, Kamala in, China's nuclear buildout, Sacks responds to PG
xk4G-ImoSvw	The Besties Take Napa | All-In Special
3z73JXD3pYU	Trump assassination attempt, Secret Service failure, Inside the RNC, VC liquidity problem
w30WLkNU47g	Biden chaos, Soft landing secured? AI sentiment turns bearish, French elections
-l2TdinWoM8	Jonathan Haidt: How to Help the Anxious Generation | The All-In Interview
kOeARghNIaY	Hot Swap growing, donors revolt, President Kamala? SCOTUS breakdown: Immunity, Chevron, Censorship
aEYcZtaZRXQ	Presidential Debate Reaction, Biden Hot Swap?, Tech unemployment, OpenAI considers for-profit & more
blqIZGXWUpU	In conversation with President Trump
NVYMKDiJGcI	Elon gets paid, Apple's AI pop, OpenAI revenue rip, Macro debate & Inside Trump Fundraiser
UuwCy9hmhIE	DOJ targets Nvidia, Meme stock comeback, Trump fundraiser in SF, Apple/OpenAI, Texas stock market
R6hJh-OwoZw	Trump verdict, COVID Cover-up, Crypto Corner, Salesforce drops 20%, AI correction?
c9HEjdjyVn4	Scarlett Johansson vs OpenAI, Nvidia's trillion-dollar problem, a vibecession, plastic in our balls
vDr1983LIuo	GPT-4o launches, Glue demo, Ohalo breakthrough, Druck's Argentina bet, did Google kill Perplexity?
nSM0xd8xHUM	Sam Altman: Getting Fired (and Re-Hired) by OpenAI, Agents, AI Copyright issues
OxbtNsenZJY	Sheryl Sandberg, plus open-source AI gene editing explained
1ZQ33OnGFWE	Meta's scorched earth approach to AI, Tesla's future, TikTok bill, FTC bans noncompetes, wealth tax
HKtlezdPNAI	Google fires protestors, NPR chaos, Humane's AI Pin, Startup tax crisis, sports betting scandal
hZp80SYIRlY	E174: Inflation stays hot, AI disclosure bill, Drone warfare, defense startups & more
FgUKIRnxrxw	All-In Summit 2023 Recap
z3Zzlgo-xZM	E173: Google buying HubSpot? FTX depositors not made whole, AI job fears, Ukraine joining NATO
4t4YkHSTZbw	E172: SBF gets 25 years, Trump's meme stock, RFK Jr picks VP, Biden's 2025 budget & more
3tEcLAud7Nc	E171: DOJ sues Apple, AI arms race, Reddit IPO, Realtor settlement & more
uMajFsCkzxY	E170: Tech's Vibe Shift, TikTok ban debate, Vertical AI boom, Florida bans lab-grown meat & more
snbTCWL6rxo	E169: Elon sues OpenAI, Apple's decline, TikTok ban, Bitcoin $100K?, Science corner: Microplastics
-Am0vMW3fA0	E168: Can Google save itself? Abolish HR, AI takes over Customer Support, Reddit IPO teardown
z6vrKA_L5pk	E167: Google's Woke AI disaster, Nvidia smashes earnings (again), Groq's LPU breakthrough & more
SoTOF-plFwc	E166: Mind-blowing AI Video: OpenAI launches Sora + Is Biden too old? Tucker/Putin interview & more
FHO4hoXc75k	E165: Vision Pro: use or lose? Meta vs Snap, SaaS recovery, AI investing, rolling real estate crisis
bUuEE2jmP2c	E164: Zuck’s Senate apology, Elon's comp package voided, crony capitalism, Reddit IPO, drone attack
meASTkyA6OU	E163: Market rips, Media RIFs, Texas defies Biden, Fintech reckoning, ARkStorm 2.0 & more
IG0dfz0r3eo	E162: Live from Davos! Milei goes viral, Adam Neumann's headwinds, streaming's broken model & more
EJEAq0Nsesc	E161: US strikes Houthis, market instability, Q1 rate cuts in doubt, Carta's major mishap, DEI
ID8T71m7Ics	E160: 2024 Predictions! Markets, tech, politics, and more
vT4ejH4ZfF4	E159: The Bestie Awards! Recapping the best and worst of 2023
2OzpWVlt5Ok	E158: Global trade disrupted, Adobe/Figma canceled, realtors sued, Trump blocked
w85An9FVsb0	E157: Epic legal win, OpenAI's news deal, FCC targets Elon, the limits of free speech & more
IeKUcpU5-Xk	E156: Ivy League antisemitism, macro, SaaS recovery, Gemini, Figma deal delay + big Friedberg update
4pLY1X46H1E	Tucker Carlson: State of America, leaving Fox News, Media Control, Politics, and more
1hh8lcoJ1NA	In conversation with Dean Phillips
3EFk40AbO94	Jared Kushner: Israel-Hamas War, paths forward, macro picture, AI
gFoHAl9MwZU	E152: Real estate chaos, WeWork bankruptcy, Biden regulates AI, Ukraine's “Cronkite Moment” & more
7imwAJ0XcqQ	E151: WW3 risk, War with Iran?, 4.9% GDP, startup failures growing, new Speaker & more
2cQmQIYNI5M	All-In Summit: Stephen Wolfram on computation, AI, and the nature of the universe
65-x2YVUugE	E150: Israel/Gaza escalating or not? EU censorship regime, Penn donors revolt, GLP-1 hype cycle
2RAfff-oMKw	E149: Hamas terror attacks in Israel: fallout, reaction, next steps
UZtQcnt12SM	E148: McCarthy ousted, border chaos, Cruise's robotaxi "accident" & more
dQRBKKYRRak	All-In Summit: Alexandra Botez takes on the Besties in a 1v4 simultaneous chess match
ck7Krz7QcxU	All-In Summit: "Luxury Beliefs are Status Symbols" with Rob Henderson
4spNsmlxWVQ	E147: TED goes woke, Canada's Nazi blunder, AI adds vision, plus: who owns OpenAI?
ioTrEYG3KPk	All-In Summit: Jenny Just on Peak6, the female market correction, poker, and risk
ECiTlMeZ9h8	All-In Summit: AI film and the generative art revolution with Caleb Ward
EIjxJM_KPsM	All-In Summit: In conversation with Vinod Khosla
381sguwAS9c	All-In Summit: Gene therapy and a new era of medicine with Dr. Nicole Paulk
X-Sb8sIi22g	E146: Did the Fed break the VC model? Plus IPOs, M&A, revaluing unicorns & more
AIPULlqA5Wc	All-In Summit: Nuclear fusion and the potential for energy abundance
yHi7g_Tq3DU	All-In Summit: In conversation with Brian Armstrong
7InV_thsIv0	All-In Summit: In conversation with Graham Allison
yjj1QjZlQMM	All-In Summit: In conversation with Gwyneth Paltrow
t6ETJjVNP4M	All-In Summit: MrBeast on his journey, business model, and the future
CfnF7dA-8UQ	All-In Summit: In conversation with Larry Summers
7TGJRzRSzL4	All-In Summit: Ray Dalio on the rise and fall of nations and the changing world order
F9cO3-MLHOM	All-In Summit: Bill Gurley presents 2,851 Miles
2c4VnzTepK0	All-In Summit: Tobi Lutke on consumer spending, teams, Amazon, AI, and more
tKqJ5-kkUGk	Elon Musk: Ukraine, X, the creator economy, China, AI, & more | All-In Summit 2023
rid9NMSeqXQ	All-In Summit: Ro Khanna on China, political reform, major challenges facing the US and more
odWe7qsrrGk	In conversation with Chris Christie
F5UN2Yi_3AE	E144: Biden targets Elon, BRICS challenges the West, Tiger hit piece & more
gPiRgEVvlKE	E143: Nvidia smashes earnings, Arm walks the plank, M&A market, Vivek dominates GOP debate & more
dlzobkV_CgU	E142: "Rich Men North of Richmond" hits #1, upward mobility, real estate capital crunch, Trump RICO
QAAfDQx8DDQ	E141: State of Series A's, VC dry powder, IPO window opens + more with Bill Gurley & Brad Gerstner
hn-9ffDhGAo	E140: LK-99, Sclerotic establishments, Fitch downgrades US debt, Trump indicted... again
gpDzcCHERX4	E139: Recapping Chamath's wedding, VC surplus, unions vs Hollywood, room-temp superconductors & more
mpC6c6iYji8	In conversation with Vivek Ramaswamy
3TV3dNJGqGI	E137: Inflation cools, market rips, Ripple/MSFT beat regulators, NATO summit, cocktails of youth
JD-b-Zl7yso	E136: Hacking the pod, Threads launches, Fed minutes, immigration, balloon farce, heart health
3-hTgRO093Q	E135: Wagner rebels, SCOTUS ends AA, AI M&A, startups gone bad, spacetime warps & more
uJQmCFTYCh8	E134: Ukraine counteroffensive, China tensions, COVID Patient Zero, RFK Jr reaction & more
5cQXjboJwg0	E133: Market melt-up, IPO update, AI startups overheat, Reddit revolts & more with Brad Gerstner
aPMNbMR1p70	E132: SEC goes after crypto giants, Sequoia splits, LIV/PGA, Messi's deal + LIVE Q&A!
rOUDG1FB03A	E131: 2024 Fantasy President picks, debt ceiling agreement, Dollar dominance & more
ZIvDVy5lNHE	E130: DeSantis's Twitter Spaces, debt ceiling, Nvidia rips, state of VC, startup failure & more
C762HWSz67w	E129: Sam Altman plays chess with regulators, AI's "nuclear" potential, big pharma bundling & more
lqMzRXCe-xY	E128: Google enters AI wars, Druck’s warning, Trump crushes CNN & more
nA0OXZuaG0g	In conversation with Robert F. Kennedy Jr.
3slYsEzJZoY	E126: Big Tech blow-out, Powell’s recession warning, lab-grown meat, RFK Jr shakes up race & more
WvTTDxMuAis	E125: SpaceX launch, Fox News settlement, "Zombie-corn" exodus to AI, late-stage implosion
i1gMhEUXeNk	E124: AutoGPT's massive potential and risk, AI regulation, Bob Lee/SF update
Zf2tYNhq5J8	E123: Trump indictment, de-dollarization, should VCs back Chinese AI? RIP Bob Lee
qQ544sWC8ZQ	E122: Is AI the next great computing platform? ChatGPT vs. Google, containing AGI & RESTRICT Act
ub9QcwSgbjc	E121: Macro update, Fed hike, CRE debt bubble, Balaji's Bitcoin bet, TikTok's endgame & more
yYwfiqYocc0	E120: Banking crisis and the great VC reset
CEee7dAk25c	E119: Silicon Valley Bank implodes: startup extinction event, contagion risk, culpability, and more
FOuks3BM55o	E118: AI FOMO frenzy, macro update, Fox vs Dominion, US vs China & more with Brad Gerstner
OKshpRGOY0I	E117: Did Stripe miss its window? Plus: VC market update, AI comes for SaaS, Trump's savvy move
yjso9aZGaO0	E116: Toxic out-of-control trains, regulators, and AI
PVgBWV2bvLs	E115: The AI Search Wars: Google vs. Microsoft, Nordstream report, State of the Union
Ymo6Yzjv_KY	E114: Markets update: whipsaw macro picture, big tech, startup mass extinction event, VC reckoning
CwQMMzoeH9s	E113: DOJ tries to break up Google, vaccine questions, Ukraine escalation & more
T7E22zdUDpk	E112: Is Davos a grift? Plus: globalist mishaps, debt ceilings, TikTok's endgame & more
kiMTRQXBol0	E111: Microsoft to invest $10B in OpenAI, generative AI hype, America's over-classification problem
M3UjMit3xGY	E110: 2023 Bestie Predictions!
HE5CTKqWEV0	E109: 2022 Bestie Awards Live from Twitter HQ
RDdjA4yJy88	E108: Doxing debate, Nuclear fusion breakthrough, state of the markets & more
o6HBFo7ft9k	E107: The Twitter Files Parts 1-2: shadow banning, story suppression, interference & more
4qOEg4LbdTU	E106: SBF's media strategy, FTX culpability, ChatGPT, SaaS slowdown & more
KX7tj3giizI	E105: Tech culture wars: Elon vs. SBF, Sabotaging Republicans with Trump
Id7cNqwqt1I	E104: FTX collapse with Coinbase CEO Brian Armstrong + election results, macro update & more
Ma6XineLufc	E103: Tech layoffs surge, big tech freezes hiring, optimizing for profits, election preview & more
A-bIpJdaCnM	E102: Elon closes Twitter deal, $META uncertainty, Zuck's historic bet, big tech decline & more
M5IzFvBQ-Zo	E101: Ye acquires Parler, Snap drops 30%, macro outlook, VC metrics, valuing stocks & more
ftNCKO_crGE	E100: Reflecting on the first 100 shows, fan questions, nuclear threat, markets, Amazon & more
0JTcxIVlQfU	E99: Cheating scandals, Twitter updates, rapid AI advancements, Biden's pardon, Section 230 & more
fU6QlvruLTw	E98: Big tech starts making cuts, Fed incompetency, global debt, Russia/Ukraine & more
bcGwHworAo0	E97: SPAC updates, public/private market overview, Putin's end game & more
_UpczzfeAFA	E96: Adobe acquires Figma for $20B, TPB SPAC, FedEx CEO's recession warning, macro picture & more
s0tfoW1N3VM	E95: Winter is Coming, Europe's energy crisis, Kim Kardashian's new PE firm & more
Wc-Leuq0G7o	E94: NFT volume plummets, California's overreach, FBI meddling, climate change & national security
YRU4eNtL4g4	E93: Twitter whistleblower, cloud security vulnerabilities, student debt forgiveness & more
nId3Jy5bjrY	E92: Adam Neumann's second act, a16z's $350M bet, housing policy, Inflation Reduction Act & more
TlWgTNGkNe0	E91: SoftBank's $21B+ Vision Fund loss, signals of a bubble, macro picture, Trump raided by FBI
jlK5tsUuEP0	E90: Twitter subpoenas, market overview, Pelosi's Taiwan visit & more
mxQMdk6jCKU	E89: GDP growth negative in Q2, $SHOP layoffs, Alzheimer's fraud, Ginkgo acquires Zymergen & more
8Egym4qjvEw	E88: First principle politics, China chaos & outlook, state of private/public markets & more
TsGdPCtquGg	E87: Emerging markets, Sri Lanka, 9.1% CPI, market sentiment, NASA's Webb telescope & more
c8-rydueTzg	E86: Macro outlook: jobs, housing, inflation + Dutch farmers protests & EU climate missteps
onmVYQq1QQk	All-In Summit 2022 Recap
8lrOjNsPzww	E85: SBF's crypto bailout, Zendesk sells for ~$10B, buyout targets, US diplomacy, AlphaFold & more
Bh6-PXMdmPk	E84: Markets update, crypto collapse, Russia/Ukraine endgame, state of the podcast
nK0NfL2M5L4	#AIS: Palmer Luckey on Anduril
vSKEz_8FDIk	#AIS: Bestie AMA with Valor's Antonio Gracias
ag6ZNxObpmc	#AIS: Opening chat with Miami Mayor Francis Suarez
OQ-9uKxCuoc	#AIS: Joe Lonsdale on the problem with higher education
tkay-1yomN0	#AIS: The Lanby's Tandice Urban on solving healthcare's customer service problem
Keja23R2N7g	#AIS: MP Materials CEO James Litinsky on rare earths, supply chain, and energy independence
aP2eZuxshpU	#AIS: Pear VC’s Mar Hershenson on making successful founders
D3ZcHV_4uYw	#AIS: FiveThirtyEight's Nate Silver on how gamblers think
t_ezoVwTRI4	#AIS: Divvy Homes CEO Adena Hefets breaks down the state of the US housing market
cGOHiKo7dFY	#AIS: Glenn Greenwald & Matt Taibbi discuss the new political divide, moderated by David Sacks
8DQ87UHAGTk	E83: Market slide continues, and how to address Uvalde
ivDwzBYsED4	#AIS: Tim Urban on political discourse + Keith Rabois on early-stage investing in 2022
xuuhQsAM6AM	#AIS: Antonio Garcia Martinez & Glenn Greenwald debate Ukraine, moderated by David Sacks
dTF-KtYWl5Q	E82: All-In Summit: Claire Cormier Thielke on China + Q&A with Flexport's Ryan Petersen
lcyec3pvAEY	E81: All-In Summit: Bill Gurley & Brad Gerstner on markets, downturns & investment cycles
CnxzrX9tNoc	Elon Musk: Twitter's bot problem, SpaceX's grand plan, Tesla stories & more
ezOIBfZcwbQ	E80: Recession deep dive: VC psychology, macro risks, Tiger Global, predictions and more
qH696z3ml1Q	E79: Analyzing the leaked draft overturning Roe v. Wade with Amy Howe and Tom Goldstein
7gS9UVSve0s	E78: VC fund metrics that matter, private market update, recession, student loans, Bill Hwang arrest
kagVCXIPIlQ	E77: Tech work culture, crypto regulation, stablecoins, $NFLX & more w/ Coinbase CEO Brian Armstrong
AEvMI6R6Er0	E76.5: Food shortage, China's grand plan, inflation, French election plus an All-In Summit preview
9Suaj_0wKV0	E76: Elon vs. Twitter
th7SiVmxU2s	E75: Fast shuts down, board culpability, Elon buys 9% of Twitter, deplatforming's evolution & more
nZOeRDO1Z8s	E74: Market update, inverted yield curve, immigration, new SPAC rules, $FB smears TikTok and more
LNTXao9AZB4	E73: Late-stage VC markdowns and mistakes, market strategy, Ukraine/Russia update with Brad Gerstner
_U3pVW4u_vw	E72: Impact of sanctions, deglobalization, food shortage risks, macroeconomic outlook and more
vPMPdF5JW0o	E71: Russia/Ukraine deep dive: escalation, risk factors, financial fallout, exit ramps and more
a42_znM48aE	E70: EMERGENCY POD! Russia invades Ukraine: Reactions, Putin's ambition, Biden's response and more
b0hm1FzVako	E68: Trudeau invokes emergency powers, Bitcoin vs. government, Tiger Global's new strategy and more
K7Ny9Eml104	E67: Revisiting Rogan, Canadian truckers' protest, fusion breakthrough, $MSFT's savvy move & more
uSUM1mvw17w	E66: $FB's big drop, Rogan/Spotify mess, Xi/Putin meetup & supply chain issues with Ryan Petersen
gQc5krOQUYE	E65: VC markup dynamics, Russia/US tensions over Ukraine, Altos Labs raises $3B, Stripe mafia & more
s9n9db373e8	E64: Antitrust standards & enforcement, tech repricing, lab leak obfuscation, E63 reactions & more
qbeHyN15HQE	E63: Insurrection indictments, human rights in the US and abroad, groundbreaking MS study and more
JL8uXZDz_o0	E62: Elizabeth Holmes verdict, fraud origins & takeaways, navigating "The Great Markdown" & more
PGan75USbqw	E61: 2022 Predictions! Business, politics, science, tech, crypto, & more
6CTgN3xBles	E60: The 2021 Bestie Awards PLUS Jack Dorsey starts the Web3 Wars
NgEvzcyXyyE	E59: Twitter's content warning algo, equity audits, politicians trading stocks, Fed's next move
llJsxamu8f4	E58: November's CPI, preparing for a downturn, macro outlook, Better.com's botched layoffs & more
efp-2AHox1U	E57: Understanding Omicron, tech stocks plummet, VC's great resignation, Jack Dorsey's departure
aHScxoGggt4	E56: Constitution DAO, Rittenhouse trial coverage, private sector efficiency vs the government
AODfsBMGzGQ	E55: Valuing crypto projects, Rivian worth $100B+, inflation: causes and corrections and more
ejW4f6liOS8	E54: Spread trading big tech, capital allocation, Zillow's misfire, Progressives suffer losses
ctLbqX3R0kI	E53: Wealth tax, inflation as a capital allocator, big tech earnings, paternity leave & more
cGenTdTrYEo	E52: Trump's SPAC, peak venture liquidity, tech as an economic ladder, Dems overplaying their hand
8b0rCYoD_2E	E51: Supply Chain Shortages, Inflation, DeSantis, Ted Sarandos Netflix Memo, Cancel Culture, Fan Q&A
lPBWhLr6Rro	E50: Crypto investing deep dive, Facebook's whistleblower fallout, Chappelle's new special & more
wf6qfxJZpno	E49: Coinbase CEO reflects on controversial blog, state of the markets, 1000 unicorns & more
B2iNXMiGEms	Balaji Srinivasan: role of decentralization, China/US breakdown & more
R76THi_c90o	E47: Facebook's week from hell, Ellen Pao on sexism in Elizabeth Holmes coverage, Newsom wins & more
2RWuwOnX4Pg	E46: False Ivermectin narratives, regulatory grift, wartime mentality in solving issues & more
LNLcL5E95bs	E45: Theranos & VC fraud risks, China bans video games, Texas SB8, Apple app store, CA fires, Rogan
-Cyu00cyw60	E44: USA's Afghanistan embarrassment, China's new algo laws, future of robots + Italy recap!
zpgugh3r9s8	E43: Innovative venture strategies, Zymergen's implosion, Square acquires Afterpay & more
fwloQFAwhPk	E42: China's tech crackdown, CRISPR breakthrough, practical climate change solutions & more
FAtPReTswZo	E41: Vaccine policy, Big Tech, DeepMind's latest breakthrough, wealth creation, opportunity & more
pDI3IBMl4DY	E40: A Bestie gets COVID, Delta breakthrough, Billionaire Space Race & more
FNhcA9MpPIU	E39: West coast super drought & climate crisis, Nuclear virtue signaling, chaos in SF & more
hNImocKCMvE	E38: Bestie brawl, Robinhood's $70M fine & S-1, Delta variant, next gen candidates & more
Bu6VSLUj8MA	Leaked tapes: Sacks vs. Jason origins | All-In After Party on Callin
0IxDrBUR_2g	E37: NYC rejects far-left candidates, new developments in lab leak theory, App Store breakup & more
6uUkIUgX1NY	E36: New FTC Chair, breaking up big tech, government silent spying, Jon Stewart, wildfires & more
eSB93bkB4NQ	E35: Biogen's controversial Alzheimer's drug approval, the billionaire space race, Bitcoin & more
eoZG89pDzzY	E34: Wuhan lab leak theory, India's traceability law, Coinbase fact check, Big Tech takes Hollywood
eRZJ_ObyRE4	E33: Apple’s hypocrisy, America fails math, crypto’s regulatory correction, Clubhouse, UFOs & more
GE0iWGNXKXw	E32: Behind the scenes of Elon hosting SNL, CDC failures, America's real-time UBI experiment & more
wLS3osXJY54	E31: Post-vaccination virtue signaling, pandemic lessons, immigration, Caitlyn Jenner for CA & more
nXBE1vWbGkk	E30: Ramifications of Biden's proposed capital gains tax hike, founder psychology & more
jaU1P5-pzLU	E29: Coinbase goes public, direct listings vs. IPOs, unions & more with Bestie Guestie Brad Gerstner
uPwvZZkrJ90	E28: Current state of public & private markets, Archegos debacle, US debt issues, wealth tax & more
c6Rz8lzYPBQ	E27: The Great Inflation Debate, Amazon gets spicy on Twitter, rethinking supply chains & more
hEVLyPwJAZQ	E26: State of Venture Capital, plus fan questions on longevity, decentralization & quantum computing
Vrx8d_TIrz0	E25: Biden's vaccine mandate, "equity" in distribution, NFT speculation, impact of inflation & more
6ICMLjL7WLo	E24: Markets trend down, political pandemic manipulation, stimulus breakdown, biological Patriot Act
MvO9q0-SW3I	E23: Radical DAs, breaking down FB/Google vs. Australia, sustained fear post-vaccine & fan questions
HopEdff0RCU	E22: Robinhood CEO Vlad Tenev breaks down the GameStop situation
32ZD39tiKgc	E21: Media misalignment, subjects controlling narratives & more with bestie guestie Draymond Green
MukXS8uaVns	David Sacks on Tucker Carlson: Insiders' Game, WSB Censorship, Robinhood | FOX News
XHZl59B6Rc8	E20: Robinhood wrap up, Insiders vs. Outsiders, California's failing report card & how to fix it
cLu2E1IWQkk	David Sacks on WallStreetBets as Parler 2.0 & the slippery slope of censorship
jq0BinJLXG0	David Friedberg on the rise & risk of decentralization
mmN29rLs9BA	David Friedberg on leaders vs. managers & the problem with career politicians
cNofhfGCU7M	David Sacks perfectly summarizes the Robinhood debacle
rWEPSKkkdKQ	E19: Robinhood's GameStop decision: Why did it happen and how can it be prevented in the future?
3LrskYD_6Vk	E18: Inauguration talk, breaking down the $1.9T stimulus, the case for recalling Gavin Newsom & more
9SxqoByktcs	David Sacks on the need to end hyperpartisanship in the wake of Big Tech's attack on free speech
-3mIJvwcPrw	E17: Big Tech bans Trump, ramifications for the First Amendment & the open Internet
JDKK0vHSp0M	David Friedberg's COVID-19 vaccine rollout strategy | "We need to go win the war."
7JtAp_jr2dk	E16: Reflecting on the riots at the US Capitol, plus: Georgia runoffs, vaccine distribution & more
_N8Cub88m2U	E15: “The Besties” All-In’s inaugural award show covering the best, worst & most memorable of 2020
xPCA5fZ6cjY	E14: Salesforce acquires Slack, DeepMind’s AlphaFold breakthrough, Trust Fund Socialists & more
OELRmfqrr2k	E13: SPACsgiving Special! Vaccine news, innovation vs regulation, fixing higher ed, challenge trials
4MV9-PH8y_E	E12: Biden wins, Pfizer vaccine, markets rip, Trump's next act, COVID endgame scenarios & more
kA7MrXnMPpA	E11: Election Night Special featuring Phil Hellmuth, Bill Gurley, Brad Gerstner & more!
Sx_b-MtCrDQ	E10: Twitter & Facebook botch censorship (again), the publisher vs. distributor debate & more
DprQR7jhd7A	E9: Trump has COVID, First debate reactions, Coinbase letter response & more
ichI8T-QuCE	SPAC talk with Chamath Palihapitiya, David Friedberg, David Sacks & Jason Calacanis | from Episode 7
Lz9milywszw	E8: TikTok + Oracle, how privacy loss will impact society, economy & COVID outlooks for 2021
0uf-F0ssFP0	E7: California's collapse, how SPACs are opening the markets for growth stocks & more
-XgCOfvSKDQ	E6: Big Tech antitrust aftermath, potential effects of an M&A clampdown on Silicon Valley & more
fZodR6T8cU0	E5: WHO's incompetence, kicking off Cold War II, China's grand plan, 100X'ing American efficiency
RAjxkslflQg	E4: Politicizing the pandemic, Police reform, Twitter vs Facebook with David Sacks & David Friedberg
2m_bNAh5G6E	E3: Modern Cold War, politicizing the pandemic & more with David Sacks & David Friedberg
LBB-rq3_vz8	E2: Rebooting economy, understanding corporate debt, avoiding a depression & more with David Sacks
zWFXRewP_FI	E1: US Response to COVID-19 & Impact on Startups, VC & Public Markets with David Friedberg
